name,state,dept_type,url
agency support division,arizona,state agencies,https://www.azdps.gov/organization/asd
ak-chin police department,arizona,tribal agencies,https://www.ak-chin.nsn.us/
apache county sheriff's office,arizona,county agencies,https://www.co.apache.az.us/sheriff/
apache junction police department,arizona,municipal agencies,https://www.ajcity.net/112/Police-Department
arizona commercial vehicle enforcement,arizona,state agencies,https://www.azdps.gov/organization/hpd/cve
arizona counter terrorism information center,arizona,state agencies,https://azactic.gov/
arizona department of corrections,arizona,state agencies,https://corrections.az.gov/public-resources/inmate-datasearch
arizona department of economic security,arizona,state agencies,https://des.az.gov/
arizona department of homeland security,arizona,state agencies,https://azdohs.gov/
arizona department of public safety,arizona,state agencies,https://www.azdps.gov/
arizona department of revenue criminal investigations unit,arizona,state agencies,https://azdor.gov/contact-us/report-tax-fraud
arizona department of transportation,arizona,state agencies,https://azdot.gov/
arizona division of emergency management,arizona,state agencies,https://dema.az.gov/
arizona game and fish department,arizona,state agencies,https://www.azgfd.com/
arizona gang task force,arizona,regional agencies,https://www.azdps.gov/about/programs/giitem
arizona highway patrol,arizona,state agencies,https://www.azdps.gov/organization/hpd
arizona office of inspector general,arizona,state agencies,https://azdot.gov/motor-vehicles/enforcement/office-inspector-general
arizona rangers,arizona,state agencies,https://azrangers.gov/
arizona state capitol police,arizona,state agencies,https://www.azdps.gov/
arizona state park ranger police,arizona,state agencies,https://azstateparks.com/employment/
arizona state university police department,arizona,school/college agencies,https://cfo.asu.edu/police
arizona western college police,arizona,school/college agencies,https://www.azwestern.edu/student-support/campus-police
avondale police department,arizona,municipal agencies,https://www.avondaleaz.gov/government/departments/police
benson police department,arizona,municipal agencies,https://www.cityofbenson.com/?SEC=09D2BBB8-0255-4B1D-AC11-D867E7CAE5E3
bisbee police department,arizona,municipal agencies,https://www.bisbeeaz.gov/2162/Police
buckeye police department,arizona,municipal agencies,https://www.buckeyeaz.gov/police/
bullhead city police department,arizona,municipal agencies,https://www.bullheadcity.com/community/police
bureau of indian affairs,arizona,federal agencies,https://www.bia.gov/regional-offices/western
camp verde marshal's office,arizona,municipal agencies,http://www.campverde.az.gov/government/marshals-office/
capitol police department,arizona,municipal agencies,https://www.azdps.gov/
casa grande police department,arizona,municipal agencies,https://casagrandeaz.gov/police/
central arizona college police department,arizona,school/college agencies,https://centralaz.edu/contact-us/cac-police-department/
chandler police department,arizona,municipal agencies,https://www.chandlerpd.com/
chinle school district police,arizona,school/college agencies,https://www.chinleusd.k12.az.us/
chino valley police department,arizona,municipal agencies,https://www.chinoaz.net/149/Police-Department
clarkdale police department,arizona,municipal agencies,https://www.clarkdale.az.gov/your_government/police/index.php
clifton police department,arizona,municipal agencies,https://cliftonaz.com/police-dept
cochise county sheriff's office,arizona,county agencies,https://www.cochise.az.gov/sheriff/home
coconino county sheriff's office,arizona,county agencies,https://www.coconino.az.gov/325/Sheriffs-Office
cocopah tribal police,arizona,tribal agencies,https://www.cocopah.com/departments.html
colorado city marshal's office,arizona,municipal agencies,http://www.tocc.us/
colorado river tribal police,arizona,tribal agencies,https://www.crit-nsn.gov/critpolice/
coolidge police department,arizona,municipal agencies,https://www.coolidgeaz.com/?SEC=67BEEB86-EBBF-4FF6-BC45-F01DD17088DF
cottonwood police department,arizona,municipal agencies,https://cottonwoodaz.gov/328/Police-Department
criminal investigations division,arizona,state agencies,https://www.azdps.gov/organization/cid
douglas police department,arizona,municipal agencies,https://www.douglasaz.gov/255/Police-Department
eagar police department,arizona,municipal agencies,https://www.eagaraz.gov/departments/fire-department
eastern arizona college police department,arizona,school/college agencies,https://www.eac.edu/About_EAC/Consumer_Information/Safety.shtm
east valley dui task force,arizona,regional agencies,https://www.azdps.gov/organization/hpd/dui
el mirage police department,arizona,municipal agencies,https://www.elmirageaz.gov/322/Police-Department
eloy police department,arizona,municipal agencies,https://www.eloyaz.gov/175/Police-Department
enforcement and compliance division,arizona,state agencies,https://azdot.gov/motor-vehicles/enforcement
flagstaff police department,arizona,municipal agencies,https://www.flagstaff.az.gov/422/Police-Department
florence police department,arizona,municipal agencies,http://www.florenceaz.gov/police/
fort mcdowell yavapai nation police department,arizona,tribal agencies,https://www.fmyn.org/departments/police-department/
fredonia marshal's office,arizona,municipal agencies,http://www.fredoniaaz.net/Departments/PoliceDepartment.aspx
gila county sheriff's office,arizona,county agencies,https://www.gilacountyaz.gov/government/sheriff/index.php
gila river indian community police department,arizona,tribal agencies,http://www.gricsafety.org/gila-river-police-department
gilbert police department,arizona,municipal agencies,https://www.gilbertaz.gov/departments/police
glendale park rangers,arizona,municipal agencies,https://www.glendaleaz.com/play/parks_and_recreation/park_rangers
glendale police department,arizona,municipal agencies,https://www.glendaleaz.com/live/city_services/public_safety/police_department
globe police department,arizona,municipal agencies,http://www.globeaz.gov/departments/police
goodyear police department,arizona,municipal agencies,https://www.goodyearaz.gov/government/departments-divisions-a-z/police-department
graham county sheriff's office,arizona,county agencies,https://www.graham.az.gov/224/Sheriff
greenlee county sheriff's office,arizona,county agencies,https://www.co.greenlee.az.us/elected-officials/sheriff
hayden police department,arizona,municipal agencies,http://www.townofhaydenaz.gov/
holbrook police department,arizona,municipal agencies,http://www.ci.holbrook.az.us/police/4593679935
hoover dam police department,arizona,federal agencies,https://www.usbr.gov/lc/hooverdam/police/aboutus.html
hopi tribal police department,arizona,tribal agencies,https://www.hopi-nsn.gov/tribal-services/public-safety/hres/
huachuca city police department,arizona,municipal agencies,https://huachucacityaz.gov/town-departments/police-department/
hualapai nation police department,arizona,tribal agencies,https://hualapai-nsn.gov/government/police/
jerome police department,arizona,municipal agencies,https://jerome.az.gov/jerome-police-department
keams canyon - hopi police department,arizona,tribal agencies,https://www.hopi-nsn.gov/contact/
kearny police department,arizona,municipal agencies,http://www.townofkearny.com/departments.html
kingman police department,arizona,municipal agencies,https://www.cityofkingman.gov/government/departments/police-department
lake havasu city police department,arizona,municipal agencies,https://www.lhcaz.gov/police
la paz county sheriff's office,arizona,county agencies,https://www.lapazsheriff.org/
mammoth police department,arizona,municipal agencies,http://townofmammoth.us/mammoth-police-department/
marana police department,arizona,municipal agencies,https://www.maranaaz.gov/mpd
maricopa community colleges police department,arizona,school/college agencies,https://police.maricopa.edu/
maricopa county adult probation department,arizona,county agencies,https://superiorcourt.maricopa.gov/apd/
maricopa county attorney's office investigations bureau,arizona,county agencies,https://www.maricopacountyattorney.org/173/Investigations-Division
maricopa county sheriff's office,arizona,county agencies,https://www.mcso.org/
mesa police department,arizona,municipal agencies,https://www.mesaaz.gov/residents/police
miami police department,arizona,municipal agencies,http://www.miamiaz.gov/policedepartment.html
mohave county sheriff's office,arizona,county agencies,https://www.mohavecounty.us/
national park service,arizona,federal agencies,https://www.nps.gov/state/az/index.htm
national park service rangers,arizona,federal agencies,https://www.nps.gov/state/az/index.htm?program=all
navajo county sheriff's office,arizona,county agencies,https://www.navajocountyaz.gov/Departments/Sheriff
navajo nation police,arizona,tribal agencies,https://www.navajo-nsn.gov/
nogales police department,arizona,municipal agencies,https://www.nogalesaz.gov/administration/police-department
northern arizona university police department,arizona,school/college agencies,https://in.nau.edu/police-department/
office of the united states marshal for the district of arizona,arizona,federal agencies,https://www.usmarshals.gov/district/az/
oro valley police department,arizona,municipal agencies,https://www.orovalleyaz.gov/Government/Departments/Police
page police department,arizona,municipal agencies,https://cityofpagepd.com/
paradise valley police department,arizona,municipal agencies,https://www.paradisevalleyaz.gov/125/Police
parker police department,arizona,municipal agencies,http://www.parkerpd.com/
pascua yaqui tribal police,arizona,tribal agencies,https://www.pascuayaqui-nsn.gov/index.php/police-department
patagonia marshal's office,arizona,municipal agencies,https://patagonia-az.gov/patagonia-departments/emergency-services-department/
payson police department,arizona,municipal agencies,https://www.paysonaz.gov/Departments/police/pd-index.html
peoria police department,arizona,municipal agencies,https://www.peoriaaz.gov/residents/police-dept
phoenix park rangers,arizona,municipal agencies,https://www.parkrangeredu.org/arizona/
phoenix police department,arizona,municipal agencies,https://www.phoenix.gov/police
phoenix transit service,arizona,municipal agencies,https://www.valleymetro.org/
pima community college police department,arizona,school/college agencies,https://www.pima.edu/administration/police/index.html
pima county sheriff's department,arizona,county agencies,https://www.pimasheriff.org/
pima police department,arizona,municipal agencies,http://www.pimatown.az.gov/about/pima-police-depart
pinal county sheriff's office,arizona,county agencies,https://www.pinalcountyaz.gov/Sheriff/Pages/home.aspx
pinetop-lakeside police department,arizona,municipal agencies,https://www.pinetoplakesideaz.gov/198/Police-Department
prescott police department,arizona,municipal agencies,http://www.prescott-az.gov/services-safety/police/
prescott valley police department,arizona,municipal agencies,https://www.pvaz.net/291/Police-Department
quartzsite police department,arizona,municipal agencies,https://www.ci.quartzsite.az.us/index.php/departments/police-department
safford police department,arizona,municipal agencies,https://www.cityofsafford.us/85/Police
sahuarita police department,arizona,municipal agencies,https://sahuaritaaz.gov/222/Police-Department
salt river pima-maricopa police department,arizona,tribal agencies,https://www.srpmic-nsn.gov/government/srpd
san carlos apache police department,arizona,tribal agencies,http://www.sancarlosapache.com/Contact.htm
san luis police department,arizona,municipal agencies,https://sanluispolice.org/
santa cruz county sheriff's office,arizona,county agencies,https://santacruzsheriff.org/
scottsdale police department,arizona,municipal agencies,https://www.scottsdaleaz.gov/police
sedona police department,arizona,municipal agencies,https://www.sedonaaz.gov/your-government/departments/police
show low police department,arizona,municipal agencies,https://www.showlowaz.gov/364/Police-Department
sierra vista police department,arizona,municipal agencies,https://www.sierravistaaz.gov/city-departments/police/
snowflake-taylor police department,arizona,municipal agencies,http://ci.snowflake.az.us/departments/police-department/
somerton police department,arizona,municipal agencies,https://www.somertonaz.gov/departments/police/index.php
southeast arizona task force,arizona,regional agencies,https://www.phoenix.gov/aztf1
southern arizona dui task force,arizona,regional agencies,https://www.azdps.gov/organization/hpd/dui
south tucson police department,arizona,municipal agencies,https://www.southtucsonaz.gov/police
springerville police department,arizona,municipal agencies,https://www.springervilleaz.gov/your-government/police/
st johns police department,arizona,municipal agencies,https://www.sjaz.us/police/
superior police department,arizona,municipal agencies,https://www.pinalcentral.com/casa_grande_dispatch/area_news/casa-grande-lieutenant-hired-as-superiors-new-police-chief/article_b9cd1552-42f3-5792-82ac-91f192521a3b.html
surprise police department,arizona,municipal agencies,https://www.surpriseaz.gov/882/Police-Department
technical services division,arizona,state agencies,https://www.azdps.gov/organization/tsd
tempe police department,arizona,municipal agencies,https://www.tempe.gov/government/police
thatcher police department,arizona,municipal agencies,https://thatcher.az.gov/187/Police-Department
tohono o'odham police department,arizona,tribal agencies,http://www.tonation-nsn.gov/public-safety/police-department/
tolleson police department,arizona,municipal agencies,https://www.tollesonaz.org/15/Police-Department
tombstone marshal's office,arizona,municipal agencies,https://www.cityoftombstoneaz.gov/marshals-office/
tonto apache police department,arizona,tribal agencies,https://itcaonline.com/member-tribes/tonto-apache-tribe/
tuba city school district security,arizona,school/college agencies,https://www.nhonews.com/news/2018/mar/02/numerous-threats-prompt-closures-tuba-city-schools/
tucson police department,arizona,municipal agencies,https://www.tucsonaz.gov/police
united states department of veterans affairs police,arizona,federal agencies,https://www.prescott.va.gov/contact/
united states forest service,arizona,federal agencies,https://www.fs.usda.gov/
university of arizona police department,arizona,school/college agencies,https://uapd.arizona.edu/
us border patrol,arizona,federal agencies,https://www.cbp.gov/border-security/along-us-borders/border-patrol-sectors/tucson-sector-arizona
u.s. customs and border protection,arizona,federal agencies,https://www.cbp.gov/travel/trusted-traveler-programs/global-entry/enrollment-centers/arizona
u.s. immigration and customs enforcement,arizona,federal agencies,https://www.ice.gov/
wellton police department,arizona,municipal agencies,https://town.wellton.az.us/police-department-3/
white river tribal police,arizona,tribal agencies,https://www.wmapolice.com/
wickenburg police department,arizona,municipal agencies,https://www.ci.wickenburg.az.us/73/Police-Department
willcox police department,arizona,municipal agencies,http://www.cityofwillcox.org/public_safety/
williams police department,arizona,municipal agencies,https://www.williamsaz.gov/departments_and_services/police_department
winslow police department,arizona,municipal agencies,http://www.winslowaz.gov/departments/police_department/index.php
yavapai-apache tribal police,arizona,tribal agencies,https://yavapai-apache.org/
yavapai college police department,arizona,school/college agencies,https://www.yc.edu/collegepolice
yavapai county sheriff's office,arizona,county agencies,http://www.ycsoaz.gov/
yavapai prescott tribal police,arizona,tribal agencies,http://pd.ypit.com/contact/
yuma county sheriff's office,arizona,county agencies,https://www.yumacountysheriff.org/
yuma police department,arizona,municipal agencies,https://www.yumaaz.gov/police/
