name,state,dept_type,url
adelanto police department,california,municipal agencies,https://www.ci.adelanto.ca.us/
alameda county,california,county agencies,https://www.acgov.org/
alameda county probation department,california,county agencies,https://probation.acgov.org/index.page
alameda county sheriff's office,california,county agencies,https://www.alamedacountysheriff.org/
alameda police department,california,municipal agencies,https://www.alamedaca.gov/Departments/Police-Department
alhambra police department,california,municipal agencies,https://www.cityofalhambra.org/departments/police-department
allan hancock community college police department,california,college and university agencies,https://www.hancockcollege.edu/police/index.php?locale=en
alpine county sheriff's office,california,county agencies,https://www.alpinecountyca.gov/index.aspx?NID=204
amador county sheriff's office,california,county agencies,https://www.amadorsheriff.org/
anaheim police department,california,municipal agencies,https://www.anaheim.net/171/Police-Department
antelope valley college district police,california,college and university agencies,http://www.avc.edu/administration/police
antioch police department,california,municipal agencies,https://www.antiochca.gov/police/
apple valley unified school district police department,california,school agencies,https://www.avusd.org/departments/district-police
arcadia police department,california,municipal agencies,https://www.arcadiaca.gov/protect/police_department/index.php
arcata police department,california,municipal agencies,https://www.cityofarcata.org/206/Police
arvin police department,california,municipal agencies,https://www.arvin.org/government/police/
atascadero police department,california,municipal agencies,https://www.atascadero.org/index.php?option=com_content&view=article&id=620&Itemid=475
atherton police department,california,municipal agencies,https://www.ci.atherton.ca.us/489/Police
auburn police department,california,municipal agencies,https://www.auburn.ca.gov/168/Police
azusa pacific university campus safety,california,college and university agencies,https://www.apu.edu/campussafety/
azusa police department,california,municipal agencies,https://azusapd.org/
bakersfield police department,california,municipal agencies,https://bakersfieldcity.us/gov/depts/police/default.htm
baldwin park police department,california,municipal agencies,https://www.baldwinparkpolice.com/
baldwin park unified school district police department,california,school agencies,https://www.bpusd.net/apps/pages/index.jsp?uREC_ID=887796&type=d&pREC_ID=1243211
banning police department,california,municipal agencies,http://www.banning.ca.us/17/Banning-Police-Department
barstow police department,california,municipal agencies,https://www.barstowca.org/departments/police
bay area rapid transit police department,california,special district agencies,https://www.bart.gov/about/police
bear valley police department (bear valley community services district),california,special district agencies,https://www.bvcsd.com/
beaumont police department,california,municipal agencies,http://beaumontpd.org/
bell gardens police department,california,municipal agencies,https://www.bellgardens.org/government/public-safety/police-department
bell police department,california,municipal agencies,http://www.cityofbell.org/?navid=106
belmont police department,california,municipal agencies,https://www.belmont.gov/departments/police
benicia police department,california,municipal agencies,https://www.ci.benicia.ca.us/police
berkeley police department,california,municipal agencies,https://www.cityofberkeley.info/police/
bethel island municipal improvement district (bimid),california,special district agencies,https://bimid.com/
beverly hills police department,california,municipal agencies,http://www.beverlyhills.org/departments/policedepartment
bishop police department,california,municipal agencies,https://www.cityofbishop.com/departments/police/
blythe police department,california,municipal agencies,https://www.cityofblythe.ca.gov/Directory.aspx?did=73
brawley police department,california,municipal agencies,http://www.brawley-ca.gov/section/Police-Department
brea police department,california,municipal agencies,http://www.cityofbrea.net/336/Police-Services
brentwood police department,california,municipal agencies,https://www.brentwoodca.gov/gov/police/default.asp
broadmoor police protection district,california,special district agencies,https://www.broadmoorpolice.com/
buena park police department,california,municipal agencies,http://www.bppd.com/
burbank-glendale-pasadena airport authority police,california,special district agencies,https://hollywoodburbankairport.com/airport-authority/bgpaa-police/
burbank police department,california,municipal agencies,https://www.burbankpd.org/
bureau of indian affairs police,california,federal law enforcement agencies in california,https://www.bia.gov/bia/ojs/districts/district-ix
burlingame police department,california,municipal agencies,https://www.burlingame.org/departments/police_department/index.php?page=35
butte county sheriff's department,california,county agencies,https://www.buttecounty.net/sheriffcoroner/
calaveras county sheriff's department,california,county agencies,https://sheriff.calaverasgov.us/
calexico police department,california,municipal agencies,http://www.calexico.ca.gov/?SEC=029A22CB-1659-4003-84BC-20534F81C51A
california bureau of firearms,california,state agencies,https://oag.ca.gov/firearms
california bureau of forensic services,california,state agencies,https://oag.ca.gov/bfs
california bureau of gambling control,california,state agencies,https://oag.ca.gov/gambling
california bureau of investigation,california,state agencies,https://oag.ca.gov/bi
california bureau of medi-cal fraud & elder abuse,california,state agencies,https://oag.ca.gov/bmfea
california city police department,california,municipal agencies,https://local.nixle.com/california-city-police-department/
california department of alcoholic beverage control,california,state agencies,https://www.abc.ca.gov/
california department of consumer affairs,california,state agencies,https://www.dca.ca.gov/
california department of corrections and rehabilitation,california,state agencies,https://www.cdcr.ca.gov/
california department of developmental services,california,state agencies,https://www.dds.ca.gov/
california department of fish and wildlife,california,state agencies,https://wildlife.ca.gov/
california department of forestry and fire protection - law enforcement,california,state agencies,https://www.fire.ca.gov/
california department of health care services,california,state agencies,https://www.dhcs.ca.gov/
california department of justice,california,state agencies,https://oag.ca.gov/
california department of toxic substances control,california,state agencies,https://dtsc.ca.gov/
california exposition & state fair police (cal expo police),california,special district agencies,https://calexpostatefair.com/about-us/safety-security/
california franchise tax board,california,state agencies,https://www.ftb.ca.gov/
california health and human services agency,california,state agencies,https://www.chhs.ca.gov/
california highway patrol,california,state agencies,https://www.chp.ca.gov/home
california state parks peace officer,california,state agencies,https://www.parks.ca.gov/?page_id=21240
california state university police departments,california,college and university agencies,https://www2.calstate.edu/systemwide-campus-safety-security/Pages/university-police-departments.aspx
calipatria police department,california,municipal agencies,http://www.calipatria.com/the-city/departments/public-safety/
campbell police department,california,municipal agencies,https://www.ci.campbell.ca.us/1030/Police-Department
capistrano bay police department (capistrano bay community services district),california,special district agencies,http://capobay.org/
capitola police department,california,municipal agencies,http://www.cityofcapitola.org/police
carlsbad police department,california,municipal agencies,https://www.carlsbadca.gov/services/depts/police/
carmel-by-the-sea police department,california,municipal agencies,https://ci.carmel.ca.us/police-fire
cathedral city police department,california,municipal agencies,http://www.cathedralcitypolice.com/
central marin police authority,california,special district agencies,https://www.centralmarinpolice.org/
ceres police department,california,municipal agencies,https://www.ci.ceres.ca.us/208/Police-Department
cerritos community college police department,california,college and university agencies,https://www.cerritos.edu/police/
chaffey college police department,california,college and university agencies,https://www.chaffey.edu/police/
chapman university department of public safety,california,college and university agencies,https://www.chapman.edu/campus-services/public-safety/index.aspx
chico police department,california,municipal agencies,http://www.chico.ca.us/police/home_page.asp
chino police department,california,municipal agencies,https://www.cityofchino.org/how_do_i____/police_department
chula vista police department,california,municipal agencies,https://www.chulavistaca.gov/departments/police-department
citrus heights police department,california,municipal agencies,https://www.citrusheights.net/222/Police-Department
city of los angeles,california,municipal agencies,https://www.lacity.org/
city of oakland,california,municipal agencies,https://www.oaklandca.gov/
city of san francisco,california,municipal agencies,https://sf.gov/
claremont police department,california,municipal agencies,https://www.ci.claremont.ca.us/government/departments-divisions/police-department
clayton police department,california,municipal agencies,https://ci.clayton.ca.us/police/
clearlake police department,california,municipal agencies,https://www.clearlake.ca.us/210/Police-Department
clovis police department,california,municipal agencies,https://cityofclovis.com/police/
clovis unified school district police department,california,school agencies,https://www.cusd.com/PoliceServices.aspx
coachella police department,california,municipal agencies,https://www.coachella.org/departments/police-department
coastline community college district police department,california,college and university agencies,https://www.coastline.edu/about/public-safety.php
coastline community college public safety,california,college and university agencies,https://www.coastline.edu/about/public-safety.php
college of the sequoias district police department,california,college and university agencies,https://old.cos.edu/StudentServices/Police
colton police department,california,municipal agencies,https://www.coltonpd.org/
colusa county sheriff's office,california,county agencies,https://www.countyofcolusa.org/156/Sheriff
"commander, navy region southwest police",california,federal law enforcement agencies in california,https://www.cnic.navy.mil/regions/cnrsw.html
compton municipal law enforcement,california,special district agencies,https://en.wikipedia.org/wiki/Compton_Police_Department
compton unified school district police department,california,school agencies,https://www.compton.k12.ca.us/departments/school-police/home
concord police department,california,municipal agencies,https://www.cityofconcord.org/183/Police
contra costa community college district police services,california,college and university agencies,http://www.4cd.edu/crpa/pd/
contra costa county sheriff's office,california,county agencies,http://www.cocosheriff.org/
corcoran police department,california,municipal agencies,http://www.cityofcorcoran.com/cityhall/police/welcome.asp
coronado police department,california,municipal agencies,https://www.coronado.ca.us/government/departments_divisions/police_services
corona police department,california,municipal agencies,https://www.coronaca.gov/services/police-department
costa mesa police department,california,municipal agencies,http://www.costamesaca.gov/police
cotati police department,california,municipal agencies,http://www.cotaticity.org/city_hall/departments/police
covina police department,california,municipal agencies,https://covinaca.gov/police
crafton hills community college police services,california,college and university agencies,https://www.craftonhills.edu/current-students/campus-police.php
cuesta college police department,california,college and university agencies,https://www.cuesta.edu/about/depts/publicsafety/index.html
culver city police department,california,municipal agencies,https://www.culvercitypd.org/
cypress police department,california,municipal agencies,http://www.cypressca.org/services/police
daly city police department,california,municipal agencies,http://www.dalycity.org/City_Hall/Departments/police_department.htm
danville police department,california,municipal agencies,https://www.danville.ca.gov/162/Police-Services
davis police department,california,municipal agencies,https://www.cityofdavis.org/city-hall/police-department
delano police department,california,municipal agencies,https://www.cityofdelano.org/105/Police-Department
del norte county sheriff's office,california,county agencies,http://www.co.del-norte.ca.us/departments/sheriff-department
del rey oaks police department,california,municipal agencies,https://www.delreyoaks.org/police
department of defense police,california,federal law enforcement agencies in california,https://en.wikipedia.org/wiki/Department_of_Defense_police
desert hot springs police department,california,municipal agencies,https://www.cityofdhs.org/police-department
dinuba police department,california,municipal agencies,http://www.dinuba.org/departments/police-department
dixon police department,california,municipal agencies,https://dixonpolice.org/
downey police department,california,municipal agencies,https://www.downeyca.org/our-city/departments/police
dublin police department,california,municipal agencies,https://dublin.ca.gov/91/Police-Services
east bay regional park district police department,california,special district agencies,https://www.ebparks.org/about/police/
east palo alto police department,california,municipal agencies,https://www.ci.east-palo-alto.ca.us/index.aspx?nid=558
el cajon police department,california,municipal agencies,https://www.cityofelcajon.us/your-government/departments/police
el camino college police department,california,college and university agencies,https://www.elcamino.edu/about/depts/police/
el centro police department,california,municipal agencies,http://www.cityofelcentro.org/police/
el cerrito police department,california,municipal agencies,https://www.el-cerrito.org/135/Police-Department
el dorado county sheriff's office,california,county agencies,https://www.edcgov.us/Government/sheriff
elk grove police department,california,municipal agencies,http://www.elkgrovepd.org/
elk grove school district police department,california,school agencies,http://www.egusd.net/about/divisions-departments/superintendents-office/safety-and-security/
el monte police department,california,municipal agencies,https://www.ci.el-monte.ca.us/209/Police
el segundo police department,california,municipal agencies,https://www.elsegundopd.org/
emeryville police department,california,municipal agencies,https://www.ci.emeryville.ca.us/123/Police
escondido police department,california,municipal agencies,https://police.escondido.org/home.aspx
eureka police department,california,municipal agencies,https://www.ci.eureka.ca.gov/depts/police/default.asp
exeter police department,california,municipal agencies,https://cityofexeter.com/departments/exeter-police-department/
fairfax police department,california,municipal agencies,https://www.townoffairfax.org/departments/police/
fairfield police department,california,municipal agencies,https://www.fairfield.ca.gov/gov/depts/police/
farmersville police department,california,municipal agencies,https://www.cityoffarmersville-ca.gov/202/Police-Department
federal bureau of investigation,california,federal law enforcement agencies in california,https://www.fbi.gov/
federal bureau of investigation police,california,federal law enforcement agencies in california,https://www.fbi.gov/
federal bureau of prisons,california,federal law enforcement agencies in california,https://www.bop.gov/
federal law enforcement in the united states,california,federal law enforcement agencies in california,https://oag.ca.gov/law
federal protective service,california,federal law enforcement agencies in california,https://www.dhs.gov/topic/federal-protective-service
federal reserve police,california,federal law enforcement agencies in california,https://www.indeed.com/cmp/Federal-Reserve-Bank-of-SAN-Francisco/reviews?fjobtitle=Police+Officer
folsom police department,california,municipal agencies,https://www.folsom.ca.us/police/default.asp
fontana police department,california,municipal agencies,https://www.fontana.org/112/Police-Department
fontana school district police department,california,school agencies,https://www.fusd.net/domain/245
fontana unified school district police department,california,college and university agencies,https://www.fusd.net/domain/245
foothill-de anza college district police department,california,college and university agencies,https://www.fhdapolice.org/
fortuna police department,california,municipal agencies,https://oag.ca.gov/fingerprints/locations/fortuna-police-department
foster city police department,california,municipal agencies,https://www.fostercity.org/police
fountain valley police department,california,municipal agencies,https://fountainvalley.org/1307/Police-Department
fremont police department,california,municipal agencies,https://www.fremontpolice.gov/
fresno county sheriff's department,california,county agencies,https://www.fresnosheriff.org/
fresno police department,california,municipal agencies,https://www.fresno.gov/police/
fullerton police department,california,municipal agencies,http://www.fullertonpd.org/
galt police department,california,municipal agencies,http://www.ci.galt.ca.us/city-departments/police-department
gardena police department,california,municipal agencies,https://www.gardenapd.org/
garden grove police department,california,municipal agencies,http://ggcity.org/police
gilroy police department,california,municipal agencies,http://www.ci.gilroy.ca.us/151/Police-Department
glendale college district police department,california,school agencies,https://www.glendale.edu/about-gcc/college-police
glendale police department,california,municipal agencies,https://www.glendaleca.gov/government/departments/police-department
glendora police department,california,municipal agencies,https://www.cityofglendora.org/departments/police
glenn county sheriff's office,california,county agencies,https://www.countyofglenn.net/dept/sheriff/welcome
goldenwest college public safety,california,college and university agencies,http://www.goldenwestcollege.edu/contact/
grass valley police department,california,municipal agencies,https://www.cityofgrassvalley.com/police-department
greenfield police department,california,municipal agencies,https://ci.greenfield.ca.us/233/Police-Department
hanford police department,california,municipal agencies,https://www.ci.hanford.ca.us/departments/police/index.php
hartnell college campus safety department,california,college and university agencies,https://www.hartnell.edu/campus-safety-and-security/
hawthorne police department,california,municipal agencies,https://hawthornepolice.com/
hayward police department,california,municipal agencies,https://www.hayward-ca.gov/police-department
healdsburg police department,california,municipal agencies,https://www.ci.healdsburg.ca.us/149/Police
hemet police department,california,municipal agencies,https://www.hemetca.gov/97/Police
hercules police department,california,municipal agencies,https://www.ci.hercules.ca.us/government/police
hesperia school district police department,california,school agencies,https://www.husdpd.com/
hillsborough police department,california,municipal agencies,https://www.hillsborough.net/231/Police
hillsdale police department,california,municipal agencies,https://www.hillsdalepolice.com/
holtville police department,california,municipal agencies,http://www.holtville.ca.gov/section.php?id=50
humboldt county sheriff's office,california,county agencies,https://humboldtgov.org/187/Sheriffs-Office
huntington beach police department,california,municipal agencies,https://www.huntingtonbeachca.gov/government/departments/pd/
huntington beach union high school district police department,california,school agencies,https://www.hbuhsd.edu/apps/pages/safe-schools
huntington park police department,california,municipal agencies,https://www.hpca.gov/600/Police-Department
huron police department,california,municipal agencies,http://cityofhuron.com/public-safety/
imperial county sheriff's office,california,county agencies,https://www.icso.org/
imperial police department,california,municipal agencies,https://www.cityofimperial.org/police
indio police department,california,municipal agencies,https://www.indio.org/your_government/police/default.htm
inglewood police department,california,municipal agencies,https://www.cityofinglewood.org/149/Police
inglewood unified school district police department,california,school agencies,https://www.inglewoodusd.com/
inyo county sheriff's office,california,county agencies,https://www.inyosheriff.org/
irvine police department,california,municipal agencies,https://www.cityofirvine.org/irvine-police-department
irvine valley college police department,california,college and university agencies,http://campuspolice.ivc.edu/
irwindale police department,california,municipal agencies,http://www.ci.irwindale.ca.us/122/Police
kensington police department,california,municipal agencies,https://www.kppcsd.org/
kensington police protection and community services district,california,special district agencies,https://www.kppcsd.org/
kerman police department,california,municipal agencies,https://cityofkerman.net/police-department/
kern county,california,county agencies,https://www.kerncounty.com/
kern county airport police,california,special district agencies,https://post.ca.gov/le-agencies
kern county parks and recreation: park rangers,california,county agencies,https://www.kerncounty.com/gsd/parks
kern county probation department,california,county agencies,https://www.kernprobation.com/
kern county sheriff's department,california,county agencies,https://www.kernsheriff.org/
kern high school district police department,california,school agencies,https://www.kernhigh.org/apps/pages/index.jsp?uREC_ID=708689&type=d&pREC_ID=1077595
king city police department,california,municipal agencies,http://www.kingcity.com/city-departments/police-department/
kingsburg police department,california,municipal agencies,https://www.cityofkingsburg-ca.gov/163/Police-Department
kings county sheriff's department,california,county agencies,https://www.countyofkings.com/departments/public-safety/sheriff
laguna beach police department,california,municipal agencies,http://www.lagunabeachcity.net/cityhall/police/
lake county sheriff's department,california,county agencies,http://www.lakesheriff.com/
lakeport police department,california,municipal agencies,https://www.cityoflakeport.com/police/
lake shastina police department (lake shastina c.s.d.),california,special district agencies,https://www.lakeshastina.com/lscsdinfo.htm
la mesa police department,california,municipal agencies,https://www.cityoflamesa.us/1611/Police-Department
la palma police department,california,municipal agencies,https://www.cityoflapalma.org/153/Police
la quinta police department,california,municipal agencies,http://www.laquintapolice.org/Contact-Us
lassen county sheriff's office,california,county agencies,http://www.lassencounty.org/dept/sheriffs-office/sheriffs-office
la verne police department,california,municipal agencies,https://www.lvpd.org/
lemoore police department (california),california,municipal agencies,https://www.odmp.org/officer/24279-police-officer-elmer-jonathan-diaz
lindsay public safety department,california,municipal agencies,https://www.lindsay.ca.us/public-safety
livermore police department,california,municipal agencies,http://www.cityoflivermore.net/citygov/police/
lodi police department,california,municipal agencies,https://www.lodi.gov/215/Police
lompoc police department,california,municipal agencies,https://www.cityoflompoc.com/police
long beach harbor patrol,california,special district agencies,https://en.wikipedia.org/wiki/Long_Beach_Harbor_Patrol
long beach park rangers,california,special district agencies,http://www.longbeach.gov/park/park-and-facilities/directory/el-dorado-east-regional-park/
long beach police department,california,municipal agencies,http://www.longbeach.gov/police/
long beach unified school district school safety department,california,school agencies,https://www.lbschools.net/Departments/School_Safety/
los alamitos police department,california,municipal agencies,https://cityoflosalamitos.org/police/
los altos police department,california,municipal agencies,https://www.losaltosca.gov/police
"los angeles bureau of street services, investigation and enforcement division",california,municipal agencies,https://streetsla.lacity.org/ied-authority
los angeles county,california,county agencies,https://lacounty.gov/
los angeles county probation department,california,county agencies,https://probation.lacounty.gov/
los angeles county sheriff's department,california,county agencies,https://lasd.org/
"los angeles department of recreation and parks, park ranger division",california,special district agencies,https://www.laparks.org/ranger
los angeles police department,california,municipal agencies,http://www.lapdonline.org/
los angeles school police department,california,school agencies,http://www.laspd.com/
los angeles society for the prevention of cruelty to animals law enforcement division,california,special district agencies,https://www.laanimalservices.com/laws-policies/animal-cruelty/
los angeles world airports police division,california,special district agencies,https://www.lawa.org/groups-and-divisions/airport-police
los gatos police department,california,municipal agencies,https://www.losgatosca.gov/43/Police-Services
los rios community college police department,california,college and university agencies,https://police.losrios.edu/about-los-rios-police-department
madera county sheriff's department,california,county agencies,https://www.maderacounty.com/government/sheriff
madera police department,california,municipal agencies,https://www.madera.gov/home/departments/police/
mammoth lakes police department,california,municipal agencies,https://www.townofmammothlakes.ca.gov/207/Police-Department
manhattan beach police department,california,municipal agencies,https://www.citymb.info/departments/police-department
manteca police department,california,municipal agencies,https://www.ci.manteca.ca.us/Police/Pages/default.aspx
maricopa police department,california,municipal agencies,https://www.latimes.com/local/la-xpm-2011-jun-03-la-me-maricopa-20110603-story.html
marina police department,california,municipal agencies,https://cityofmarina.org/17/Police-Department
marin county sheriff's office,california,county agencies,https://www.marinsheriff.org/
mariposa county sheriff's department,california,county agencies,https://www.mariposacounty.org/82/Sheriffs-Office
martinez police department,california,municipal agencies,https://www.cityofmartinez.org/depts/police/default.asp
marysville police department,california,municipal agencies,https://www.marysvillepd.org/
maywood-cudahy police department,california,municipal agencies,https://www.latimes.com/local/la-xpm-2010-jun-17-la-me-maywood-pd-20100617-story.html
mcfarland police department,california,municipal agencies,https://www.mcfarlandcity.org/203/Police-Department
medocino county sheriff's office,california,county agencies,https://www.mendocinosheriff.com/
mendota police department,california,municipal agencies,http://ci.mendota.ca.us/police-department/
menlo park police department,california,municipal agencies,https://www.menlopark.org/288/Police
merced community college police department,california,college and university agencies,https://www.mccd.edu/resources/police/
merced county sheriff's office,california,county agencies,https://www.co.merced.ca.us/87/Sheriffs-Office
merced police department,california,municipal agencies,https://www.cityofmerced.org/departments/police
metropolitan transit system police department,california,special district agencies,https://en.wikipedia.org/wiki/Los_Angeles_County_Metropolitan_Transportation_Authority
midpeninsula regional open space district ranger division,california,special district agencies,https://www.openspace.org/
millbrae police department,california,municipal agencies,https://www.ci.millbrae.ca.us/departments-services/police-bureau
mill valley police department,california,municipal agencies,http://www.cityofmillvalley.org/police/default.htm
milpitas police department,california,municipal agencies,http://www.ci.milpitas.ca.gov/milpitas/departments/police/
miracosta community college police department,california,college and university agencies,http://www.miracosta.edu/studentservices/police/index.html
modesto police department,california,municipal agencies,https://www.modestogov.com/223/Police-Department
modoc county sheriff's office,california,county agencies,https://www.modocsheriff.us/
mono county sheriff's department,california,county agencies,https://monosheriff.org/sheriff/page/about-sheriffs-department
monrovia police department,california,municipal agencies,https://www.cityofmonrovia.org/your-government/police-department
montclair police department,california,municipal agencies,https://www.cityofmontclair.org/city-government/police-department
montebello police department,california,municipal agencies,https://www.cityofmontebello.com/department/police.html
montebello unified school district police department,california,school agencies,https://www.montebello.k12.ca.us/musdpd
monterey county park rangers,california,special district agencies,https://www.co.monterey.ca.us/government/departments-i-z/resource-management-agency-rma/parks
monterey county sheriff's office,california,county agencies,https://montereysheriff.org/
monterey park police department,california,municipal agencies,https://www.montereypark.ca.gov/393/Police
monterey peninsula airport police,california,special district agencies,https://montereyairport.specialdistrict.org/police
monterey police department,california,municipal agencies,https://www.monterey.org/police
moraga police department,california,municipal agencies,https://police.moraga.ca.us/
morgan hill police department,california,municipal agencies,https://morgan-hill.ca.gov/129/Police
morro bay police department,california,municipal agencies,https://www.morro-bay.ca.us/128/Police
mountain view police department,california,municipal agencies,https://www.mountainview.gov/depts/police/default.asp
murrieta police department,california,municipal agencies,https://www.murrietaca.gov/153/Police
napa county sheriff's department,california,county agencies,https://www.countyofnapa.org/1292/Sheriff
napa police department,california,municipal agencies,http://www.napapolice.com/
napa valley college police department,california,college and university agencies,http://www.napavalley.edu/studentaffairs/Police/Pages/ContactUs.aspx
napa valley railroad police department,california,special district agencies,http://www.nvrpolice.com/
national city police department,california,municipal agencies,http://www.nationalcityca.gov/government/police
national park service ranger,california,federal law enforcement agencies in california,https://www.nps.gov/aboutus/become-a-law-enforcement-ranger.htm
nevada county sheriff's office,california,county agencies,https://www.mynevadacounty.com/150/Sheriff-Coroner-Public-Administrator
newark police department,california,municipal agencies,https://www.newark.org/departments/police/
newport beach police department,california,municipal agencies,http://www.nbpd.org/
norwalk-la mirada unified school district school safety department,california,school agencies,https://www.nlmusd.org/apps/pages/index.jsp?uREC_ID=342383&type=d
notre dame de namur university department of public safety,california,college and university agencies,https://www.ndnu.edu/campus-life/public-safety/
novato police department,california,municipal agencies,https://www.novato.org/government/police-department
oakdale police department,california,municipal agencies,https://www.oakdalegov.com/police
oakland housing authority police department,california,municipal agencies,http://www.oakha.org/OHA-PD
oakland police department,california,municipal agencies,https://www.oaklandca.gov/departments/police
oakland unified school district police department,california,school agencies,https://www.ousd.org/Page/13670
oakley police department,california,municipal agencies,https://www.ci.oakley.ca.us/departments/police/
oceanside police department,california,municipal agencies,https://www.ci.oceanside.ca.us/gov/police/
office of the united states marshal for the central district of california,california,federal law enforcement agencies in california,https://www.usmarshals.gov/district/ca-c/
office of the united states marshal for the eastern district of california,california,federal law enforcement agencies in california,https://www.usmarshals.gov/district/ca-e/
office of the united states marshal for the northern district of california,california,federal law enforcement agencies in california,https://www.usmarshals.gov/district/ca-n/
office of the united states marshal for the southern district of california,california,federal law enforcement agencies in california,https://www.usmarshals.gov/district/ca-s/
ontario police department,california,municipal agencies,https://www.ontarioca.gov/Police
orange coast community college campus public safety,california,college and university agencies,http://www.orangecoastcollege.edu/about_occ/parking_public_safety/Pages/default.aspx
orange county sheriff's department,california,county agencies,https://www.ocsd.org/
orange grove police department,california,municipal agencies,https://cityoforangecove.com/police/
orange police department,california,municipal agencies,https://www.cityoforange.org/592/Police
orinda police department,california,municipal agencies,https://www.cityoforinda.org/173/Police-Department
oroville police department,california,municipal agencies,https://www.cityoforoville.org/services/police-department
oxnard police department,california,municipal agencies,https://www.oxnard.org/tag/oxnard-pd/
pacifica police department,california,municipal agencies,https://www.cityofpacifica.org/depts/police/
pacific grove police department,california,municipal agencies,https://www.cityofpacificgrove.org/public-safety/police
palm springs police department,california,municipal agencies,http://www.palmspringsca.gov/residents/police
palo alto police department,california,municipal agencies,https://www.cityofpaloalto.org/gov/depts/pol/default.asp
palomar community college police department,california,college and university agencies,https://www2.palomar.edu/pages/police/
palos verdes estates police department,california,municipal agencies,https://www.pvestates.org/services/police-department
paradise police department,california,municipal agencies,https://www.townofparadise.com/index.php/our-government/departments/police
pasadena area community college district police department,california,college and university agencies,https://pasadena.edu/police-and-college-safety/index.php
pasadena police department,california,municipal agencies,https://www.cityofpasadena.net/police/
paso robles police department,california,municipal agencies,https://www.prcity.com/252/Police-Department
pepperdine university department of public safety,california,college and university agencies,https://www.pepperdine.edu/publicsafety/
pinole police department,california,municipal agencies,http://www.ci.pinole.ca.us/city_government/police
pismo beach police department,california,municipal agencies,https://pismobeach.org/71/Police
pittsburg police department,california,municipal agencies,http://www.ci.pittsburg.ca.us/index.aspx?page=272
placentia police department,california,municipal agencies,https://www.placentia.org/17/Police
placer county sheriff's office,california,county agencies,https://www.placer.ca.gov/1680/Sheriffs-Office
pleasant hill police department,california,municipal agencies,https://www.ci.pleasant-hill.ca.us/298/Police
pleasanton police department,california,municipal agencies,https://www.cityofpleasantonca.gov/gov/depts/police/default.asp
plumas county sheriff's office,california,county agencies,https://www.plumascounty.us/587/Sheriff-Coroner
pomona police department,california,municipal agencies,https://twitter.com/pomonapd?lang=en
port hueneme police department,california,municipal agencies,https://www.ci.port-hueneme.ca.us/187/Police-Department
port of los angeles police division,california,special district agencies,https://www.portoflosangeles.org/about/employment/join-the-los-angeles-port-police
port of stockton police,california,special district agencies,https://www.portofstockton.com/careers/
redding police department,california,municipal agencies,https://www.cityofredding.org/departments/police-department
redlands police department,california,municipal agencies,https://www.cityofredlands.org/police
redondo beach police department,california,municipal agencies,https://www.redondo.org/depts/police/default.asp
redwood city police department,california,municipal agencies,https://www.redwoodcity.org/departments/police-department
rialto police department,california,municipal agencies,https://rialtopolice.com/
richmond police department,california,municipal agencies,https://www.ci.richmond.ca.us/82/Police-Department
ridgecrest police department,california,municipal agencies,https://ridgecrest-ca.gov/327/Police-Department
rio dell police department,california,municipal agencies,https://cityofriodell.ca.gov/police
rio vista police department,california,municipal agencies,https://www.kcra.com/article/rio-vista-dissolving-its-police-department/30648847
ripon police department,california,municipal agencies,http://www.riponpd.org/
riverside community college district police,california,college and university agencies,https://www.rccd.edu/police/Pages/index.aspx
riverside county sheriff's department,california,county agencies,https://www.riversidesheriff.org/
riverside police department,california,municipal agencies,https://www.riversideca.gov/rpd/
rocklin police department,california,municipal agencies,https://www.rocklin.ca.us/police
roseville police department,california,municipal agencies,https://www.roseville.ca.us/government/departments/police_department
sacramento county,california,county agencies,https://www.saccounty.net/
sacramento county park rangers,california,county agencies,https://regionalparks.saccounty.net/Rangers/Pages/default.aspx
sacramento county sheriff's department,california,county agencies,https://www.sacsheriff.com/
sacramento police department,california,municipal agencies,https://www.cityofsacramento.org/police
sacramento regional transit police,california,special district agencies,http://www.sacrt.com/safety/rtpolice.aspx
saddleback college police department,california,college and university agencies,https://www.saddleback.edu/police
saint mary's college of california department of public safety,california,college and university agencies,https://www.stmarys-ca.edu/public-safety
salinas police department,california,municipal agencies,https://www.salinaspd.com/
san anselmo police department,california,municipal agencies,https://www.townofsananselmo.org/771/Police-Fire-Services
"san benito county, california",california,county agencies,https://www.cosb.us/
san benito county marshal's office,california,county agencies,http://sbso.us/
san benito county sheriff's office,california,county agencies,http://sbso.us/
san bernardino city unified school district police department,california,school agencies,https://www.sbcusd.com/district_offices/district_police
san bernardino community college district police department,california,college and university agencies,http://www.sbccd.org/District_Police
san bernardino county,california,county agencies,http://www.sbcounty.gov/
san bernardino county probation department,california,county agencies,http://www.joinprobation.org/
san bernardino county sheriff's department,california,county agencies,https://wp.sbcounty.gov/sheriff/
san bernardino police department,california,municipal agencies,http://www.sbcity.org/cityhall/police_department/default.asp
sand city police department,california,municipal agencies,https://www.sandcity.org/police-department/
san diego city schools police department,california,school agencies,https://www.sandiegounified.org/police-services
san diego community college police department,california,college and university agencies,https://www.sdccd.edu/about/departments-and-offices/police-department/about/index.aspx
san diego county,california,county agencies,https://www.sandiegocounty.gov/
san diego county probation department,california,county agencies,https://www.sandiegocounty.gov/probation/
san diego county sheriff's department,california,county agencies,https://www.sdsheriff.net/
san diego harbor police (san diego unified port district),california,special district agencies,https://www.portofsandiego.org/public-safety/harbor-police
san diego humane society and spca law enforcement / investigations division,california,special district agencies,https://www.sdhumane.org/services/humane-law-enforcement/
san diego police department,california,municipal agencies,https://www.sandiego.gov/police
san fernando police department,california,municipal agencies,http://ci.san-fernando.ca.us/police/
san francisco community college police department,california,college and university agencies,https://www.ccsf.edu/police
san francisco park patrol,california,special district agencies,https://sfrecpark.org/419/Who-We-Are
san francisco patrol special police,california,municipal agencies,https://en.wikipedia.org/wiki/San_Francisco_Patrol_Special_Police
san francisco police department,california,municipal agencies,https://www.sanfranciscopolice.org/
san francisco sheriff's department,california,county agencies,https://www.sfsheriff.com/
san gabriel police department,california,municipal agencies,https://www.sangabrielcity.com/97/Police
san joaquin county sheriff's department,california,county agencies,https://www.sjgov.org/sheriff/default.htm
san joaquin delta college district police department,california,college and university agencies,https://www.deltacollege.edu/department/district-police-department
san jose/evergreen college district police department,california,college and university agencies,http://www.sjeccd.edu/district-services/district-police
san jose park rangers,california,municipal agencies,https://www.mercurynews.com/2019/01/29/no-guns-for-park-rangers-as-police-join-patrols/
san jose police department,california,municipal agencies,http://www.sjpd.org/
san leandro police department,california,municipal agencies,https://www.sanleandro.org/depts/pd/
san lorenzo police department,california,municipal agencies,https://www.sanleandro.org/depts/pd/
san luis obispo county sheriff's department,california,county agencies,https://www.slosheriff.org/
san luis obispo police department,california,municipal agencies,http://www.slocity.org/government/department-directory/police-department
san marino police department,california,municipal agencies,https://www.cityofsanmarino.org/government/departments/police/index.php
san mateo community college district department of public safety,california,college and university agencies,https://www.smccd.edu/publicsafety/
san mateo county sheriff's office,california,county agencies,https://www.smcsheriff.com/
san mateo police department,california,municipal agencies,https://www.cityofsanmateo.org/273/Police
san pablo police department,california,municipal agencies,https://www.sanpabloca.gov/187/Police-Department
san rafael police department,california,municipal agencies,https://www.srpd.org/
san ramon police department,california,municipal agencies,http://www.sanramon.ca.gov/our_city/departments_and_divisions/police
santa ana park rangers,california,special district agencies,https://www.ocregister.com/2015/02/05/santa-ana-votes-to-keep-armed-park-rangers-but-cant-use-calpers-retirees/
santa ana police department,california,municipal agencies,https://www.santa-ana.org/pd
santa ana unified school district police department,california,school agencies,https://www.sausd.us/domain/9
santa barbara county sheriff's office,california,county agencies,https://www.sbsheriff.org/
santa barbara police department,california,municipal agencies,https://www.santabarbaraca.gov/gov/depts/police/default.asp
santa clara county,california,county agencies,https://www.sccgov.org/sites/scc/Documents/home.html
santa clara county department of correction,california,county agencies,https://www.sccgov.org/sites/doc
santa clara county park ranger,california,county agencies,https://www.sccgov.org/sites/parks
santa clara county sheriff's office,california,county agencies,https://www.sccgov.org/sites/sheriff
santa clara police department,california,municipal agencies,https://www.santaclaraca.gov/our-city/departments-g-z/police-department
santa cruz county sheriff's office,california,county agencies,https://www.scsheriff.com/
santa cruz harbor patrol,california,special district agencies,https://www.santacruzharbor.org/contact/
santa cruz police department,california,municipal agencies,http://www.cityofsantacruz.com/?navid=56
santa maria police department,california,municipal agencies,https://www.cityofsantamaria.org/city-government/departments/police-services
santa monica college police department,california,college and university agencies,http://www.smc.edu/StudentServices/police/Pages/default.aspx
santa monica police department,california,municipal agencies,https://www.santamonicapd.org/
santa paula police department,california,municipal agencies,https://spcity.org/220/Police
santa rosa junior college district police department,california,college and university agencies,https://police.santarosa.edu/
santa rosa police department,california,municipal agencies,https://srcity.org/214/Police
sasta college police department,california,college and university agencies,http://www.shastacollege.edu/campussafety
sausalito police department,california,municipal agencies,https://www.sausalito.gov/departments/police-department
scotts valley police department,california,municipal agencies,https://www.scottsvalleypd.com/
seal beach police department,california,municipal agencies,https://www.sealbeachca.gov/Departments/Police
seaside police department,california,municipal agencies,http://www.ci.seaside.ca.us/171/Police-Department
sebastopol police department,california,municipal agencies,https://ci.sebastopol.ca.us/City-Government/Departments-Services/Police
selma police department,california,municipal agencies,http://www.cityofselma.com/police/
shafter police department,california,municipal agencies,https://www.shafter.com/157/Police-Department
shasta county sheriff's office,california,county agencies,https://www.co.shasta.ca.us/index/sheriff
sierra county sheriff's office,california,county agencies,https://sierracounty.ca.gov/298/Sheriff-Coroner
sierra madre police department,california,municipal agencies,http://www.cityofsierramadre.com/cityhall/departments/police_department
signal hill police department,california,municipal agencies,https://www.cityofsignalhill.org/17/About-Us
simi valley police department,california,municipal agencies,https://www.simivalley.org/departments/police-department
siskiyou county sheriff's department,california,county agencies,https://www.co.siskiyou.ca.us/sheriff
solano community college police department,california,college and university agencies,http://www.solano.edu/police/
solano county sheriff's office,california,county agencies,https://www.solanocounty.com/depts/sheriff/default.asp
sonoma county park rangers,california,county agencies,https://parks.sonomacounty.ca.gov/Contact-Us/
sonoma county sheriff's department,california,county agencies,https://www.sonomasheriff.org/
sonora police department,california,municipal agencies,https://www.sonorapd.com/
south gate police department,california,municipal agencies,https://www.cityofsouthgate.org/233/Police
south lake tahoe police department,california,municipal agencies,https://www.cityofslt.us/302/Police-Department
south orange county community college district department of campus safety,california,college and university agencies,https://www.socccd.edu/
south pasadena police department,california,municipal agencies,https://www.southpasadenaca.gov/government/departments/police
south san francisco police department,california,municipal agencies,https://www.ssf.net/departments/police
southwestern community college police department,california,college and university agencies,http://catalog.swccd.edu/student-services-college-services/other-college-services-students/southwestern-college-campus-police/
stallion springs police,california,special district agencies,https://www.stallionspringscsd.com/police-department
stanford department of public safety,california,college and university agencies,https://police.stanford.edu/
stanislaus county sheriff's department,california,county agencies,https://www.scsdonline.com/
state center community college district police department,california,college and university agencies,https://www.scccd.edu/departments/district-operations/police-department.html
state fugitive apprehension teams,california,state agencies,https://www.cdcr.ca.gov/news/2008/07/23/cdcr-fugitive-apprehension-team-and-u-s-marshals-coordinate-major-arrests/
stockton police department,california,municipal agencies,http://ww1.stocktonca.gov/Departments/Police
stockton unified school district police department,california,school agencies,https://www.stocktonusd.net/domain/154
suisun city police department (california),california,municipal agencies,https://police.suisun.com/
sunnyvale department of public safety,california,municipal agencies,https://sunnyvale.ca.gov/government/safety/default.htm
sutter county sheriff's department,california,county agencies,https://www.suttersheriff.org/
taft police department,california,municipal agencies,https://www.cityoftaft.org/pView.aspx?id=5379&catid=562
tehachapi police department,california,municipal agencies,https://www.liveuptehachapi.com/29/Tehachapi-Police-Department
tehama county sheriff's office,california,county agencies,https://tehamaso.org/
tiburon police department,california,municipal agencies,https://www.townoftiburon.org/159/Police
torrance police department,california,municipal agencies,https://www.torranceca.gov/our-city/police
town of discovery bay community services district (csd),california,special district agencies,https://www.todb.ca.gov/district-services
tracy police department,california,municipal agencies,https://www.ci.tracy.ca.us/?navid=53
trinity county sheriff's department,california,county agencies,https://www.trinitycounty.org/Sheriff-Department
truckee police department,california,municipal agencies,https://www.townoftruckee.com/government/police
tulare county sheriff's office,california,county agencies,https://tularecounty.ca.gov/sheriff/
tulare police department,california,municipal agencies,https://www.tulare.ca.gov/departments/police
tuolumne county sheriff's office,california,county agencies,https://www.tuolumnecounty.ca.gov/341/Sheriffs-Office
turlock police department,california,municipal agencies,https://www.cityofturlock.org/policedepartment/
tustin police department,california,municipal agencies,https://www.tustinca.org/169/Police
twin rivers police department,california,school agencies,https://www.twinriversusd.org/Operations/Police-Services/index.html
ukiah police department,california,municipal agencies,https://www.ukiahpolice.com/
union city police department,california,municipal agencies,https://www.unioncity.org/197/Police
united states air force security forces,california,federal law enforcement agencies in california,https://www.airforce.com/
united states army military police corps,california,federal law enforcement agencies in california,https://en.wikipedia.org/wiki/List_of_United_States_Army_Military_Police_Corps_units
united states coast guard,california,federal law enforcement agencies in california,https://www.uscg.mil/
united states customs and border protection,california,federal law enforcement agencies in california,https://www.cbp.gov/
united states department of veterans affairs police,california,federal law enforcement agencies in california,https://www.va.gov/
united states fish and wildlife service,california,federal law enforcement agencies in california,https://www.fws.gov/cno/
united states forest service,california,federal law enforcement agencies in california,https://www.fs.usda.gov/
united states immigration and customs enforcement,california,federal law enforcement agencies in california,https://www.ice.gov/
united states mint police,california,federal law enforcement agencies in california,https://www.usmint.gov/
united states naval criminal investigative service,california,federal law enforcement agencies in california,https://www.ncis.navy.mil/
united states park police,california,federal law enforcement agencies in california,https://www.nps.gov/subjects/uspp/index.htm
united states postal service,california,federal law enforcement agencies in california,https://www.usps.com/
united states secret service,california,federal law enforcement agencies in california,https://www.secretservice.gov/
university of california police department,california,college and university agencies,https://police-statistics.universityofcalifornia.edu/
university of san diego department of public safety,california,college and university agencies,https://www.sandiego.edu/safety/
university of san francisco department of public safety,california,college and university agencies,https://www.usfca.edu/public-safety
university of southern california department of public safety,california,college and university agencies,https://dps.usc.edu/
university of the pacific police department,california,college and university agencies,https://www.pacific.edu/campus-life/safety-and-conduct/public-safety-and-services.html
upland police department,california,municipal agencies,https://www.uplandca.gov/police
vacaville police department,california,municipal agencies,https://www.ci.vacaville.ca.us/departments/police-department
vallejo police department,california,municipal agencies,https://www.cityofvallejo.net/city_hall/departments___divisions/police
ventura county community college police department,california,college and university agencies,https://www.vcccd.edu/departments/police/about-the-department
ventura county sheriff's office,california,county agencies,https://www.venturasheriff.org/
ventura police department,california,municipal agencies,https://www.cityofventura.ca.gov/816/Police-Department
vernon police department,california,municipal agencies,http://www.cityofvernon.org/departments/police-department
victor valley college police department,california,college and university agencies,https://www.vvc.edu/offices/campus_police/
victor valley union high school district police department,california,school agencies,https://www.vvuhsd.org/departments
visalia police department,california,municipal agencies,https://www.visalia.city/depts/police/default.asp
walnut creek police department,california,municipal agencies,https://www.walnut-creek.org/departments/public-safety/police
watsonville police department,california,municipal agencies,https://cityofwatsonville.org/197/Police
weed police department,california,municipal agencies,https://www.ci.weed.ca.us/police
west contra costa unified school district police department,california,school agencies,https://www.ci.richmond.ca.us/1504/West-Contra-Costa-Unified-School-Distric
west covina police department,california,municipal agencies,https://www.wcpd.org/
westminster police department,california,municipal agencies,https://www.westminster-ca.gov/depts/police/
westmoreland police department,california,municipal agencies,http://www.cityofwestmorland.net/police-dept/
west sacramento police department,california,municipal agencies,https://www.cityofwestsacramento.org/government/departments/police
west valley-mission community college district police,california,college and university agencies,https://www.wvm.edu/services/police/Pages/default.aspx
whittier police department,california,municipal agencies,https://www.cityofwhittier.org/government/police
willits police department,california,municipal agencies,https://cityofwillits.org/148/Police
winters police department,california,municipal agencies,http://www.winterspolice.org/
woodlake police department,california,municipal agencies,https://www.cityofwoodlake.com/woodlake-police-department/
woodland police department,california,municipal agencies,https://www.cityofwoodland.org/394/Woodland-Police-Department
yolo county sheriff's department,california,county agencies,https://www.yolocountysheriff.com/
yreka police department,california,municipal agencies,https://ci.yreka.ca.us/153/Police-Department
yuba city police department,california,municipal agencies,https://www.yubacity.net/city_hall/departments/police_department
yuba college police department,california,college and university agencies,https://yc.yccd.edu/campus/campus-safety/
yuba county sheriff's department,california,county agencies,https://sheriff.co.yuba.ca.us/
