name,state,dept_type,url
abingdon,virginia,town agencies,https://visitabingdonvirginia.com/
accomack county,virginia,county agencies,https://www.co.accomack.va.us/
albemarle county police department,virginia,county agencies,http://www.albemarle.org/police/
albemarle county sheriff's office,virginia,county agencies,https://www.albemarleso.org/
alberta,virginia,town agencies,"https://en.wikipedia.org/wiki/Alberta,_Virginia"
alexandria,virginia,city agencies,http://alexandriava.gov/
alexandria police department,virginia,city agencies,https://www.alexandriava.gov/Police
allegheny county,virginia,county agencies,http://www.co.alleghany.va.us/
altavista,virginia,town agencies,https://www.altavistava.gov/
amelia county,virginia,county agencies,http://ameliacova.com/
amherst,virginia,town agencies,https://www.countyofamherst.com/
amherst county,virginia,county agencies,https://www.countyofamherst.com/
amtrak police department,virginia,railroad police,https://police.amtrak.com/
appalachia,virginia,town agencies,"https://en.wikipedia.org/wiki/Appalachia,_Virginia"
appomattox county,virginia,county agencies,https://www.appomattoxcountyva.gov/
aquia harbour,virginia,authorized private police departments,https://aquiaharbour.org/
arlington county police department,virginia,county agencies,https://police.arlingtonva.us/
arlington county sheriff's office,virginia,county agencies,https://sheriff.arlingtonva.us/
ashland,virginia,town agencies,https://www.ashlandva.gov/
augusta county sheriff's office,virginia,county agencies,https://www.co.augusta.va.us/government/sheriff
bassett,virginia,defunct law enforcement agencies,"https://en.wikipedia.org/wiki/Bassett,_Virginia"
bath county,virginia,county agencies,http://www.bathcountyva.org/
bedford,virginia,town agencies,https://www.bedfordva.gov/
bedford county,virginia,county agencies,https://www.bedfordcountyva.gov/
berryville,virginia,town agencies,https://www.berryvilleva.gov/
big stone gap,virginia,town agencies,http://www.bigstonegap.org/
blacksburg,virginia,town agencies,https://www.blacksburg.gov/
blackstone,virginia,town agencies,"https://en.wikipedia.org/wiki/Blackstone,_Virginia"
bland county,virginia,county agencies,https://www.blandcountyva.gov/
bluefield,virginia,town agencies,https://www.bluefieldva.org/
blue ridge community college,virginia,institutional (university/college campus police) agencies,https://www.brcc.edu/
boones mill,virginia,town agencies,https://www.townofboonesmill.org/
botetourt county,virginia,county agencies,https://botetourtva.gov/
bowling green,virginia,town agencies,https://www.townofbowlinggreen.com/
boydton,virginia,town agencies,https://boydton.org/
boykins,virginia,town agencies,"https://en.wikipedia.org/wiki/Boykins,_Virginia"
bridgewater,virginia,town agencies,https://www.bridgewater.town/
bridgewater college,virginia,institutional (university/college campus police) agencies,https://www.bridgewater.edu/
bristol,virginia,city agencies,https://www.bristolva.org/
broadway,virginia,town agencies,https://www.town.broadway.va.us/
brodnax,virginia,town agencies,"https://en.wikipedia.org/wiki/Brodnax,_Virginia"
brookneal,virginia,town agencies,"https://en.wikipedia.org/wiki/Brookneal,_Virginia"
brunswick county,virginia,county agencies,https://www.brunswickco.com/
buchanan,virginia,defunct law enforcement agencies,http://www.townofbuchanan.com/
buchanan county,virginia,county agencies,https://www.buchanancountyonline.com/
buckingham county,virginia,county agencies,http://www.buckinghamcountyva.org/
buena vista,virginia,city agencies,https://www.buenavistava.org/
burkeville,virginia,town agencies,"https://en.wikipedia.org/wiki/Burkeville,_Virginia"
campbell county,virginia,county agencies,https://www.co.campbell.va.us/
cape charles,virginia,town agencies,https://www.capecharles.org/
carilion clinic,virginia,authorized private police departments,http://www.carilionclinic.org/
caroline county sheriff's office,virginia,county agencies,https://co.caroline.va.us/348/Sheriffs-Office
carroll county,virginia,county agencies,http://carrollcountyva.gov/
castlewood,virginia,defunct law enforcement agencies,"https://en.wikipedia.org/wiki/Castlewood,_Virginia"
cedar bluff,virginia,town agencies,"https://en.wikipedia.org/wiki/Cedar_Bluff,_Virginia"
central state hospital,virginia,defunct law enforcement agencies,https://en.wikipedia.org/wiki/Central_State_Hospital_(Virginia)
central virginia community college,virginia,institutional (university/college campus police) agencies,https://centralvirginia.edu/
charles city county,virginia,county agencies,https://www.co.charles-city.va.us/
charlotte county,virginia,county agencies,http://charlotteva.com/
charlottesville,virginia,city agencies,https://www.visitcharlottesville.org/
charlottesville-albemarle airport,virginia,airport agencies,http://www.gocho.com/
chase city,virginia,town agencies,https://www.chasecity.org/
chatham,virginia,town agencies,"https://en.wikipedia.org/wiki/Chatham,_Virginia"
chesapeake,virginia,city agencies,http://www.cityofchesapeake.net/
chesapeake bay bridge-tunnel,virginia,special district agencies,http://www.cbbt.com/
chesterfield county police department,virginia,county agencies,https://www.chesterfield.gov/941/Police
chesterfield county sheriff's office,virginia,county agencies,https://www.chesterfield.gov/765/Sheriffs-Office
chilhowie,virginia,town agencies,https://chilhowie.org/
chincoteague,virginia,town agencies,https://www.chincoteague.com/
christiansburg,virginia,town agencies,https://www.christiansburg.org/
christopher newport university,virginia,institutional (university/college campus police) agencies,https://cnu.edu/
city of fairfax,virginia,city agencies,https://www.fairfaxva.gov/
city of falls church,virginia,city agencies,https://www.fallschurchva.gov/
clarke county,virginia,county agencies,https://www.clarkecounty.gov/
clarksville,virginia,town agencies,https://www.clarksvilleva.org/
clifton forge,virginia,town agencies,https://www.cliftonforgeva.gov/
clinchco,virginia,town agencies,"https://en.wikipedia.org/wiki/Clinchco,_Virginia"
clintwood,virginia,town agencies,https://www.townofclintwood.com/
clover,virginia,defunct law enforcement agencies,"https://en.wikipedia.org/wiki/Clover,_Virginia"
coeburn,virginia,town agencies,"https://en.wikipedia.org/wiki/Coeburn,_Virginia"
college of william and mary,virginia,institutional (university/college campus police) agencies,https://www.wm.edu/
colonial beach,virginia,town agencies,https://colonialbeachva.net/
colonial heights,virginia,city agencies,https://www.colonialheightsva.gov/
courtland,virginia,town agencies,"https://en.wikipedia.org/wiki/Courtland,_Virginia"
covington,virginia,city agencies,https://covington.va.us/
craig county,virginia,county agencies,https://craigcountyva.gov/
craigsville,virginia,town agencies,"https://en.wikipedia.org/wiki/Craigsville,_Virginia"
crewe,virginia,town agencies,"https://en.wikipedia.org/wiki/Crewe,_Virginia"
csx railroad,virginia,railroad police,https://www.csx.com/
culpeper,virginia,town agencies,https://www.culpeperva.gov/
culpeper county,virginia,county agencies,https://web.culpepercounty.gov/
cumberland county,virginia,county agencies,https://cumberlandcounty.virginia.gov/
damascus,virginia,town agencies,http://www.visitdamascus.org/
danville,virginia,city agencies,https://www.danville-va.gov/
dayton,virginia,town agencies,https://daytonva.us/
defense logistics agency police,virginia,federal agencies,https://www.dla.mil/HQ/InstallationSupport/DoingBusinesswithInstallationSupport/DLAPolice/
department of defense police,virginia,federal agencies,"https://www.indeed.com/salaries/Police-Officer-Salaries-at-United-States-Department-of-Defense,-Virginia"
dickenson county sheriff's office,virginia,county agencies,https://dickensonva.org/115/Sheriff
dinwiddie county,virginia,county agencies,https://www.dinwiddieva.us/
dorchester,virginia,defunct law enforcement agencies,"https://en.wikipedia.org/wiki/Dorchester,_Virginia"
drakes branch,virginia,town agencies,"https://en.wikipedia.org/wiki/Drakes_Branch,_Virginia"
dublin,virginia,town agencies,http://www.dublintown.org/
dumfries,virginia,town agencies,https://www.dumfriesva.gov/
dupont police department,virginia,defunct law enforcement agencies,https://www.odmp.org/agency/6184-dupont-police-department-virginia
eastern state hospital,virginia,defunct law enforcement agencies,http://www.esh.dbhds.virginia.gov/
eastern virginia medical school,virginia,institutional (university/college campus police) agencies,https://www.evms.edu/
eastville,virginia,town agencies,"https://en.wikipedia.org/wiki/Eastville,_Virginia"
edinburg,virginia,defunct law enforcement agencies,https://www.townofedinburg.com/
elkton,virginia,town agencies,http://www.elktonva.gov/
emory and henry college,virginia,institutional (university/college campus police) agencies,https://www.ehc.edu/
emporia,virginia,town agencies,"https://en.wikipedia.org/wiki/Emporia,_Virginia"
essex county,virginia,county agencies,http://www.essex-virginia.org/
exmore,virginia,town agencies,"https://en.wikipedia.org/wiki/Exmore,_Virginia"
fairfax,virginia,city agencies,https://www.fairfaxva.gov/
fairfax county police department,virginia,county agencies,https://www.fairfaxcounty.gov/police/fairfax-county-police-department
fairfax county sheriff's office,virginia,county agencies,https://www.fairfaxcounty.gov/sheriff/
farmville,virginia,town agencies,https://farmvilleva.com/
fauquier county sheriff's office,virginia,county agencies,https://www.fauquiercounty.gov/government/departments-h-z/sheriff-s-office
federal bureau of investigation,virginia,federal agencies,https://www.fbi.gov/contact-us/field-offices
ferrum college,virginia,institutional (university/college campus police) agencies,https://www.ferrum.edu/
floyd,virginia,defunct law enforcement agencies,http://visitfloydva.com/
floyd county,virginia,county agencies,https://floydcova.org/
fluvanna county,virginia,county agencies,https://www.fluvannacounty.org/
fort a.p. hill,virginia,federal agencies,https://en.wikipedia.org/wiki/Fort_A.P._Hill
fort belvoir,virginia,federal agencies,https://home.army.mil/belvoir/index.php
fort eustis,virginia,federal agencies,https://en.wikipedia.org/wiki/Fort_Eustis
fort lee,virginia,federal agencies,https://home.army.mil/lee/index.php
fort meade,virginia,federal agencies,https://home.army.mil/meade/index.php
fort myer,virginia,federal agencies,https://en.wikipedia.org/wiki/Fort_Myer
fort pickett,virginia,federal agencies,https://en.wikipedia.org/wiki/Fort_Pickett
franklin,virginia,city agencies,https://www.franklinva.com/
franklin county,virginia,county agencies,https://www.franklincountyva.gov/
frederick county,virginia,county agencies,https://www.fcva.us/
fredericksburg,virginia,city agencies,https://www.fredericksburgva.gov/
fredricksburg,virginia,city agencies,https://www.fredericksburgva.gov/
front royal,virginia,town agencies,https://www.frontroyalva.com/
galax,virginia,city agencies,https://www.visitgalax.com/
gate city,virginia,town agencies,https://www.mygatecity.com/
george mason university,virginia,institutional (university/college campus police) agencies,https://www2.gmu.edu/
germanna community college,virginia,institutional (university/college campus police) agencies,https://www.germanna.edu/
giles county sheriff's office,virginia,county agencies,https://virginiasmtnplayground.com/sheriff/
glade spring,virginia,town agencies,"https://en.wikipedia.org/wiki/Glade_Spring,_Virginia"
glasgow,virginia,town agencies,https://glasgowvirginia.org/
glen lyn,virginia,town agencies,https://glenlyn.org/
gloucester county,virginia,county agencies,https://www.gloucesterva.info/
goochland county,virginia,county agencies,https://www.goochlandva.us/
gordonsville,virginia,town agencies,https://www.townofgordonsville.org/
grayson county,virginia,county agencies,https://www.graysoncountyva.com/
greene county sheriff's office,virginia,county agencies,http://www.greenecountysheriffva.com/
greensville county,virginia,county agencies,http://www.greensvillecountyva.gov/
gretna,virginia,town agencies,"https://en.wikipedia.org/wiki/Gretna,_Virginia"
grottoes,virginia,town agencies,https://www.ci.grottoes.va.us/
grundy,virginia,town agencies,"https://en.wikipedia.org/wiki/Grundy,_Virginia"
halifax,virginia,town agencies,https://www.townofhalifax.com/
halifax county,virginia,county agencies,https://www.halifaxcountyva.gov/
hallwood,virginia,town agencies,"https://en.wikipedia.org/wiki/Hallwood,_Virginia"
hampden-sydney college,virginia,institutional (university/college campus police) agencies,http://www.hsc.edu/
hampton,virginia,city agencies,https://hampton.gov/
hampton university,virginia,institutional (university/college campus police) agencies,http://www.hamptonu.edu/
hanover county,virginia,county agencies,https://www.hanovercounty.gov/
harrisonburg,virginia,city agencies,https://www.harrisonburgva.gov/
haymarket,virginia,town agencies,https://www.townofhaymarket.org/
haysi,virginia,town agencies,https://haysivirginia.gov/
henrico county police department,virginia,county agencies,https://henrico.us/police/
henrico county sheriff's office,virginia,county agencies,https://henrico.us/sheriff/
henry county sheriff's office,virginia,county agencies,https://www.henrycountyva.gov/sheriff-s-office
herndon,virginia,town agencies,https://www.herndon-va.gov/
highland county,virginia,county agencies,https://highlandcounty.org/
hillsville,virginia,town agencies,https://www.hillsville.com/
honaker,virginia,town agencies,"https://en.wikipedia.org/wiki/Honaker,_Virginia"
hopewell,virginia,city agencies,https://hopewellva.gov/
hurt,virginia,town agencies,"https://en.wikipedia.org/wiki/Hurt,_Virginia"
independence,virginia,town agencies,http://independenceva.com/
internal revenue service,virginia,federal agencies,https://www.irs.gov/businesses/small-businesses-self-employed/virginia
iron gate,virginia,defunct law enforcement agencies,"https://en.wikipedia.org/wiki/Iron_Gate,_Virginia"
irvington,virginia,defunct law enforcement agencies,https://www.tidesinn.com/
isle of wight county,virginia,county agencies,https://www.co.isle-of-wight.va.us/
james city county,virginia,county agencies,https://jamescitycountyva.gov/
james madison university,virginia,institutional (university/college campus police) agencies,https://www.jmu.edu/
joint expeditionary base little creek,virginia,federal agencies,https://www.cnic.navy.mil/regions/cnrma/installations/jeb_little_creek_fort_story.html
jonesville,virginia,town agencies,https://www.jonesvillevirginia.com/
j. sargeant reynolds community college,virginia,institutional (university/college campus police) agencies,https://www.reynolds.edu/
kenbridge,virginia,town agencies,"https://en.wikipedia.org/wiki/Kenbridge,_Virginia"
kilmarnock,virginia,town agencies,https://www.kilmarnockva.com/
king george county,virginia,county agencies,https://www.kinggeorgecountyva.gov/
king & queen county,virginia,county agencies,http://www.kingandqueenco.net/
kings dominion,virginia,authorized private police departments,https://www.kingsdominion.com/
kingsmill,virginia,authorized private police departments,https://www.kingsmill.com/
king william county sheriff's office,virginia,county agencies,https://www.kingwilliamcounty.us/188/Sheriffs-Office
la crosse,virginia,town agencies,"https://en.wikipedia.org/wiki/La_Crosse,_Virginia"
lake monticello,virginia,authorized private police departments,https://www.lmoavoice.org/
lancaster county,virginia,county agencies,http://www.lancova.com/
langley air force base,virginia,federal agencies,https://en.wikipedia.org/wiki/Langley_Air_Force_Base
lawrenceville,virginia,town agencies,https://www.visit-lawrencevilleva.com/
lebanon,virginia,town agencies,https://lebanonva.net/
lee county,virginia,county agencies,http://www.leecova.org/
leesburg,virginia,town agencies,https://www.leesburgva.gov/
lexington,virginia,city agencies,https://lexingtonvirginia.com/
liberty university,virginia,institutional (university/college campus police) agencies,https://www.liberty.edu/
longwood university,virginia,institutional (university/college campus police) agencies,http://www.longwood.edu/
lord fairfax community college,virginia,institutional (university/college campus police) agencies,https://lfcc.edu/
loudoun county,virginia,county agencies,https://www.loudoun.gov/
louisa,virginia,town agencies,https://www.louisatown.org/
louisa county,virginia,county agencies,https://www.louisacounty.com/
lunenburg county,virginia,county agencies,http://www.lunenburgva.org/
luray,virginia,town agencies,https://www.townofluray.com/
lynchburg,virginia,city agencies,https://www.lynchburgva.gov/
lynchburg regional airport,virginia,airport agencies,https://www.lynchburgva.gov/airport
madison county,virginia,county agencies,https://www.madisonco.virginia.gov/
manassas park police department,virginia,city agencies,https://manassasparkpolice.com/
manassas police department,virginia,city agencies,https://www.manassascity.org/17/Police-Department
marion,virginia,town agencies,http://www.marionva.org/
martinsville,virginia,city agencies,https://www.martinsville-va.gov/
massanutten,virginia,authorized private police departments,https://www.massresort.com/
mathews county,virginia,county agencies,https://www.mathewscountyva.gov/
mckenney,virginia,town agencies,"https://en.wikipedia.org/wiki/McKenney,_Virginia"
mecklenburg county,virginia,county agencies,https://www.mecklenburgva.com/
metropolitan washington airports authority,virginia,airport agencies,https://www.mwaa.com/
metro transit police department,virginia,railroad police,https://www.wmata.com/about/transit-police/
middleburg,virginia,town agencies,https://visitmiddleburgva.com/
middlesex county,virginia,county agencies,https://www.co.middlesex.va.us/
middletown,virginia,town agencies,https://www.middletownva.gov/
montgomery county,virginia,county agencies,https://www.montva.com/
montross,virginia,defunct law enforcement agencies,"https://en.wikipedia.org/wiki/Montross,_Virginia"
mountain empire community college,virginia,institutional (university/college campus police) agencies,https://www.mecc.edu/
mount jackson,virginia,town agencies,https://www.mountjackson.com/
mount weather (fema) police,virginia,federal agencies,https://en.wikipedia.org/wiki/Mount_Weather_Emergency_Operations_Center
narrows,virginia,town agencies,http://townofnarrows.org/
nasa langley research center,virginia,federal agencies,https://www.nasa.gov/langley
national park service ranger,virginia,federal agencies,https://www.nps.gov/index.htm
national zoological park,virginia,federal agencies,https://nationalzoo.si.edu/
naval air station oceana,virginia,federal agencies,https://www.cnic.navy.mil/Oceana/
naval amphibious base little creek,virginia,federal agencies,https://en.wikipedia.org/wiki/Joint_Expeditionary_Base%E2%80%93Little_Creek
naval station norfolk,virginia,federal agencies,https://www.cnic.navy.mil/regions/cnrma/installations/ns_norfolk.html
naval surface warfare center dahlgren,virginia,federal agencies,https://www.navsea.navy.mil/Home/Warfare-Centers/NSWC-Dahlgren/
naval weapons station yorktown,virginia,federal agencies,https://www.cnic.navy.mil/yorktown/index.htm
nelson county,virginia,county agencies,https://nelsoncounty.com/
new castle,virginia,defunct law enforcement agencies,"https://en.wikipedia.org/wiki/New_Castle,_Virginia"
new kent county,virginia,county agencies,https://www.co.new-kent.va.us/
new market,virginia,town agencies,https://www.newmarketvirginia.com/
newport news,virginia,city agencies,https://www.nngov.com/
newport news sheriff's office,virginia,city agencies,https://nnsheriff.org/
newsoms,virginia,town agencies,"https://en.wikipedia.org/wiki/Newsoms,_Virginia"
norfolk,virginia,city agencies,https://www.norfolk.gov/
norfolk county,virginia,defunct law enforcement agencies,https://www.norfolk.gov/
norfolk international airport,virginia,airport agencies,https://www.norfolkairport.com/
norfolk naval shipyard,virginia,federal agencies,https://www.navsea.navy.mil/Home/Shipyards/Norfolk/
norfolk southern railroad,virginia,railroad police,http://www.nscorp.com/
norfolk state university,virginia,institutional (university/college campus police) agencies,https://www.nsu.edu/
northampton county,virginia,county agencies,https://www.co.northampton.va.us/
northern virginia community college,virginia,institutional (university/college campus police) agencies,https://www.nvcc.edu/
northumberland county,virginia,county agencies,http://www.co.northumberland.va.us/
norton,virginia,city agencies,https://www.nortonva.gov/
nottoway county,virginia,county agencies,https://nottoway.org/
occoquan,virginia,town agencies,https://www.occoquanva.gov/
office of the united states marshal for the eastern district of virginia,virginia,federal agencies,https://www.usmarshals.gov/district/va-e/
office of the united states marshal for the western district of virginia,virginia,federal agencies,https://www.usmarshals.gov/district/va-w/
old dominion university,virginia,institutional (university/college campus police) agencies,https://www.odu.edu/
onancock,virginia,town agencies,https://www.onancock.com/
onley,virginia,town agencies,http://townofonley.org/
orange,virginia,town agencies,https://www.townoforangeva.org/
orange county,virginia,county agencies,https://orangecountyva.gov/
osaka,virginia,defunct law enforcement agencies,"https://en.wikipedia.org/wiki/Osaka,_Virginia"
page county,virginia,county agencies,https://www.pagecounty.virginia.gov/
parksley,virginia,town agencies,"https://en.wikipedia.org/wiki/Parksley,_Virginia"
patrick county,virginia,county agencies,https://www.co.patrick.va.us/
patrick henry community college,virginia,institutional (university/college campus police) agencies,https://www.patrickhenry.edu/
pearisburg,virginia,town agencies,https://www.pearisburg.org/
pembroke,virginia,town agencies,https://www.mtnlakelodge.com/
peninsula airport commission,virginia,airport agencies,https://hampton.gov/206/Peninsula-Airport-Commission
pennington gap,virginia,town agencies,https://townofpenningtonva.gov/
petersburg,virginia,city agencies,http://www.petersburg-va.org/
piedmont virginia community college,virginia,institutional (university/college campus police) agencies,https://www.pvcc.edu/
pittsylvania county,virginia,county agencies,https://pittsylvaniacountyva.gov/
pocahontas,virginia,town agencies,"https://en.wikipedia.org/wiki/Pocahontas,_Virginia"
poquoson,virginia,city agencies,https://www.ci.poquoson.va.us/
portsmouth,virginia,city agencies,https://www.portsmouthva.gov/
portsmouth marine terminal,virginia,defunct law enforcement agencies,http://www.portofvirginia.com/facilities/portsmouth-marine-terminal-pmt/
portsmouth police department,virginia,city agencies,http://www.portsmouthpd.us/
pound,virginia,town agencies,"https://en.wikipedia.org/wiki/Pound,_Virginia"
powhatan county,virginia,county agencies,http://www.powhatanva.gov/
prince edward county,virginia,county agencies,http://www.co.prince-edward.va.us/
prince george county,virginia,county agencies,https://www.princegeorgecountyva.gov/
prince george county police department,virginia,county agencies,https://www.princegeorgecountyva.gov/public_safety/police_department/
princess anne county,virginia,defunct law enforcement agencies,"https://en.wikipedia.org/wiki/Princess_Anne_County,_Virginia"
prince william county police department,virginia,county agencies,https://www.pwcgov.org/government/dept/police/Pages/default.aspx
prince william county sheriff's office,virginia,county agencies,http://www.pwcgov.org/government/dept/sheriff/Pages/default.aspx
pulaski,virginia,town agencies,https://www.pulaskitown.org/
pulaski county,virginia,county agencies,http://www.pulaskicounty.org/
purcellville,virginia,town agencies,https://www.purcellvilleva.gov/
quantico,virginia,town agencies,"https://en.wikipedia.org/wiki/Quantico,_Virginia"
radford,virginia,city agencies,"https://en.wikipedia.org/wiki/Radford,_Virginia"
radford university,virginia,institutional (university/college campus police) agencies,https://www.radford.edu/
rappahanock county,virginia,county agencies,http://www.rappahannockcountyva.gov/
regent university,virginia,institutional (university/college campus police) agencies,https://www.regent.edu/
remington,virginia,town agencies,http://www.remington-va.gov/
richard bland college of william and mary,virginia,institutional (university/college campus police) agencies,https://www.rbc.edu/
rich creek,virginia,town agencies,http://www.richcreek.org/
richlands,virginia,town agencies,https://www.town.richlands.va.us/
richmond,virginia,city agencies,http://www.richmondgov.com/
richmond county,virginia,county agencies,https://co.richmond.va.us/
richmond international airport,virginia,airport agencies,https://flyrichmond.com/
richmond police department,virginia,city agencies,http://www.richmondgov.com/Police/Index.aspx
richmond redevelopment and housing authority police department,virginia,defunct law enforcement agencies,https://www.rrha.com/
roanoke,virginia,city agencies,https://www.roanokeva.gov/
roanoke-blacksburg regional airport,virginia,airport agencies,https://www.flyroa.com/
roanoke city,virginia,city agencies,https://www.roanokeva.gov/
roanoke county,virginia,county agencies,https://www.roanokecountyva.gov/
rockbridge county,virginia,county agencies,https://www.co.rockbridge.va.us/
rockingham county,virginia,county agencies,https://www.rockinghamcountyva.gov/
rocky mount,virginia,town agencies,http://www.rockymountva.org/
rural retreat,virginia,town agencies,http://www.townofruralretreat.com/
russell county,virginia,county agencies,https://www.russellcountyva.us/
saint paul's college police,virginia,defunct law enforcement agencies,https://en.wikipedia.org/wiki/Saint_Paul%27s_College_(Virginia)
salem,virginia,city agencies,https://salemva.gov/
saltville,virginia,town agencies,https://www.saltville.org/
scott county,virginia,county agencies,http://www.scottcountyva.com/
scottsville,virginia,town agencies,https://www.scottsville.org/
shenandoah,virginia,town agencies,https://www.nps.gov/shen/index.htm
shenandoah county,virginia,county agencies,https://shenandoahcountyva.us/
smithfield,virginia,town agencies,https://www.smithfieldva.gov/
smyth county,virginia,county agencies,http://www.smythcounty.org/
southampton county,virginia,county agencies,https://www.southamptoncounty.org/
south boston,virginia,town agencies,http://www.southboston.com/
south hill,virginia,town agencies,https://www.southhillva.org/
south norfolk,virginia,defunct law enforcement agencies,"https://en.wikipedia.org/wiki/South_Norfolk,_Virginia"
southwestern virginia mental health institute police,virginia,defunct law enforcement agencies,http://wcyb.com/news/local/three-men-make-unauthorized-departure-from-southwest-virginia-mental-health-institute
southwest virginia community college,virginia,institutional (university/college campus police) agencies,https://sw.edu/
spotsylvania county,virginia,county agencies,https://www.spotsylvania.va.us/
stafford county,virginia,county agencies,https://staffordcountyva.gov/
stanley,virginia,town agencies,"https://en.wikipedia.org/wiki/Stanley,_Virginia"
staunton,virginia,city agencies,https://visitstaunton.com/
stephens city,virginia,town agencies,https://www.stephenscity.org/
stonega,virginia,defunct law enforcement agencies,"https://en.wikipedia.org/wiki/Stonega,_Virginia"
st. paul,virginia,town agencies,https://www.stpaulva.org/
strasburg,virginia,town agencies,https://www.strasburgva.com/
suffolk,virginia,city agencies,https://www.suffolkva.us/
surface combat systems center wallops island,virginia,federal agencies,https://www.navsea.navy.mil/Home/SCSC/
surry county,virginia,county agencies,https://www.surrycountyva.gov/
sussex county,virginia,county agencies,https://www.sussexcountyva.gov/
tangier island,virginia,town agencies,"https://en.wikipedia.org/wiki/Tangier,_Virginia"
tappahannock,virginia,town agencies,http://www.tappahannock-va.gov/
tazewell,virginia,town agencies,https://www.townoftazewell.org/
tazewell county,virginia,county agencies,https://tazewellcountyva.org/
thomas nelson community college,virginia,institutional (university/college campus police) agencies,https://tncc.edu/
timberville,virginia,town agencies,https://www.townoftimberville.com/
toms creek,virginia,defunct law enforcement agencies,"https://en.wikipedia.org/wiki/Toms_Creek,_Virginia"
united states drug enforcement administration,virginia,federal agencies,https://www.dea.gov/
united states park police,virginia,federal agencies,https://www.nps.gov/subjects/uspp/contactus.htm
united states pentagon police,virginia,federal agencies,https://en.wikipedia.org/wiki/United_States_Pentagon_Police
united states secret service,virginia,federal agencies,https://www.secretservice.gov/
university of mary washington,virginia,institutional (university/college campus police) agencies,https://www.umw.edu/
university of richmond,virginia,institutional (university/college campus police) agencies,https://www.richmond.edu/
university of virginia,virginia,institutional (university/college campus police) agencies,https://www.virginia.edu/
university of virginia's college at wise,virginia,institutional (university/college campus police) agencies,https://www.uvawise.edu/
urbanna,virginia,defunct law enforcement agencies,https://urbanna.com/
us customs and border protection,virginia,federal agencies,https://www.cbp.gov/contact/ports/va
us department of veterans affairs,virginia,federal agencies,https://www.va.gov/
u.s. probation and pretrial services system,virginia,federal agencies,https://en.wikipedia.org/wiki/U.S._Probation_and_Pretrial_Services_System
victoria,virginia,town agencies,"https://en.wikipedia.org/wiki/Victoria,_Virginia"
vienna,virginia,town agencies,https://www.viennava.gov/
vinton,virginia,town agencies,https://www.vintonva.gov/
virginia alcoholic beverage control authority,virginia,state agencies,https://www.abc.virginia.gov/
virginia beach police department,virginia,city agencies,https://www.vbgov.com/government/departments/police/Pages/default.aspx
virginia beach sheriff's office department,virginia,city agencies,https://www.vbso.net/
virginia commonwealth university,virginia,institutional (university/college campus police) agencies,https://www.vcu.edu/
virginia defense force,virginia,defunct law enforcement agencies,https://vdf.virginia.gov/
virginia department of agriculture and consumer services,virginia,state agencies,https://www.vdacs.virginia.gov/
virginia department of corrections,virginia,state agencies,https://vadoc.virginia.gov/
virginia department of fire programs,virginia,state agencies,https://www.vafire.com/
virginia department of forestry,virginia,state agencies,https://www.dof.virginia.gov/
virginia department of game and inland fisheries,virginia,state agencies,https://www.dgif.virginia.gov/
virginia department of juvenile justice,virginia,state agencies,http://www.djj.virginia.gov/
virginia department of prohibition enforcement,virginia,defunct law enforcement agencies,https://www.odmp.org/agency/4054-virginia-department-of-prohibition-enforcement-virginia
virginia division of capitol police,virginia,state agencies,https://dcp.virginia.gov/
virginia marine resources commission,virginia,state agencies,https://www.mrc.virginia.gov/
virginia military institute,virginia,institutional (university/college campus police) agencies,https://www.vmi.edu/
virginia office of state inspector general,virginia,state agencies,https://osig.virginia.gov/
virginia port authority,virginia,state agencies,http://www.portofvirginia.com/
virginia school for the deaf and the blind,virginia,institutional (university/college campus police) agencies,https://vsdb.k12.va.us/
virginia state corporation commission,virginia,state agencies,https://www.scc.virginia.gov/
virginia state lottery,virginia,state agencies,https://www.valottery.com/
virginia state parks,virginia,state agencies,https://www.dcr.virginia.gov/state-parks/
virginia state police,virginia,state agencies,https://www.vsp.virginia.gov/
virginia state university,virginia,institutional (university/college campus police) agencies,http://www.vsu.edu/
virginia tech police department,virginia,institutional (university/college campus police) agencies,https://police.vt.edu/
virginia union university,virginia,institutional (university/college campus police) agencies,https://www.vuu.edu/
virginia western community college,virginia,institutional (university/college campus police) agencies,https://www.virginiawestern.edu/
wakefield,virginia,defunct law enforcement agencies,https://www.weather.gov/akq/
warren county,virginia,county agencies,https://www.warrencountyva.net/
warrenton,virginia,town agencies,https://www.warrentonva.gov/
warsaw,virginia,town agencies,https://www.townofwarsaw.com/
washington county,virginia,county agencies,https://www.washcova.com/
waverly,virginia,town agencies,"https://en.wikipedia.org/wiki/Waverly,_Virginia"
waynesboro,virginia,city agencies,https://www.waynesboro.va.us/
weber city,virginia,town agencies,https://webercityva.org/
westmoreland county,virginia,county agencies,https://www.westmoreland-county.org/
west point,virginia,town agencies,http://www.west-point.va.us/
white stone,virginia,town agencies,https://www.virginia.org/cities/WhiteStone/
williamsburg,virginia,city agencies,https://www.visitwilliamsburg.com/
winchester,virginia,city agencies,https://www.winchesterva.gov/
windsor,virginia,town agencies,https://www.windsor-va.gov/
wintergreen,virginia,authorized private police departments,https://www.wintergreenresort.com/
wise,virginia,town agencies,http://www.townofwise.net/
wise county,virginia,county agencies,https://www.wisecounty.org/
woodstock,virginia,town agencies,https://www.townofwoodstockva.com/
wythe county,virginia,county agencies,http://www.wytheco.org/
wytheville,virginia,town agencies,https://www.visitwytheville.com/
wytheville community college,virginia,institutional (university/college campus police) agencies,https://www.wcc.vccs.edu/
york county-poquoson,virginia,county agencies,http://www.courts.state.va.us/courts/circuit/york_county_poquoson/home.html
